,geo,accession,age,sex,tissue
1,GSE100386,GSM2679977,61,M,Lymphocyte enriched PBMC
2,GSE100386,GSM2679978,32,M,Lymphocyte enriched PBMC
3,GSE100386,GSM2679982,61,M,Lymphocyte enriched PBMC
4,GSE100386,GSM2679986,46,M,Lymphocyte enriched PBMC
5,GSE100386,GSM2679989,37,M,Lymphocyte enriched PBMC
6,GSE100386,GSM2679991,26,M,Lymphocyte enriched PBMC
7,GSE100386,GSM2679995,37,M,Lymphocyte enriched PBMC
8,GSE100386,GSM2680002,24,M,Lymphocyte enriched PBMC
9,GSE100386,GSM2680003,44,M,Lymphocyte enriched PBMC
10,GSE100386,GSM2680004,21,M,Lymphocyte enriched PBMC
11,GSE100386,GSM2680008,24,M,Lymphocyte enriched PBMC
12,GSE100386,GSM2680009,44,M,Lymphocyte enriched PBMC
13,GSE100386,GSM2680010,39,M,Lymphocyte enriched PBMC
14,GSE100386,GSM2680013,25,M,Lymphocyte enriched PBMC
15,GSE100386,GSM2680015,39,M,Lymphocyte enriched PBMC
16,GSE100386,GSM2680016,39,M,Lymphocyte enriched PBMC
17,GSE100386,GSM2680019,25,M,Lymphocyte enriched PBMC
18,GSE125105,GSM3562839,43,M,whole blood
19,GSE125105,GSM3562843,51,M,whole blood
20,GSE125105,GSM3562846,64,M,whole blood
21,GSE125105,GSM3562850,46,M,whole blood
22,GSE125105,GSM3562854,35,M,whole blood
23,GSE125105,GSM3562855,65,M,whole blood
24,GSE125105,GSM3562858,31,M,whole blood
25,GSE125105,GSM3562859,52,M,whole blood
26,GSE125105,GSM3562863,27,M,whole blood
27,GSE125105,GSM3562864,67,M,whole blood
28,GSE125105,GSM3562868,24,M,whole blood
29,GSE125105,GSM3562871,50,M,whole blood
30,GSE125105,GSM3562872,29,M,whole blood
31,GSE125105,GSM3562874,60,M,whole blood
32,GSE125105,GSM3562875,21,M,whole blood
33,GSE125105,GSM3562878,39,M,whole blood
34,GSE125105,GSM3562885,30,M,whole blood
35,GSE125105,GSM3562886,33,M,whole blood
36,GSE125105,GSM3562889,52,M,whole blood
37,GSE125105,GSM3562891,56,M,whole blood
38,GSE125105,GSM3562896,65,M,whole blood
39,GSE125105,GSM3562897,75,M,whole blood
40,GSE125105,GSM3562899,47,M,whole blood
41,GSE125105,GSM3562903,61,M,whole blood
42,GSE125105,GSM3562907,60,M,whole blood
43,GSE125105,GSM3562921,46,M,whole blood
44,GSE125105,GSM3562930,59,M,whole blood
45,GSE125105,GSM3562932,68,M,whole blood
46,GSE125105,GSM3562941,62,M,whole blood
47,GSE125105,GSM3562942,31,M,whole blood
48,GSE125105,GSM3562943,52,M,whole blood
49,GSE125105,GSM3562944,45,M,whole blood
50,GSE125105,GSM3562949,35,M,whole blood
51,GSE125105,GSM3562955,41,M,whole blood
52,GSE125105,GSM3562957,63,M,whole blood
53,GSE125105,GSM3562959,33,M,whole blood
54,GSE125105,GSM3562960,64,M,whole blood
55,GSE125105,GSM3562961,65,M,whole blood
56,GSE125105,GSM3562962,44,M,whole blood
57,GSE125105,GSM3562963,45,M,whole blood
58,GSE125105,GSM3562965,54,M,whole blood
59,GSE125105,GSM3562966,36,M,whole blood
60,GSE125105,GSM3562968,40,M,whole blood
61,GSE125105,GSM3562969,28,M,whole blood
62,GSE125105,GSM3562970,52,M,whole blood
63,GSE125105,GSM3562971,40,M,whole blood
64,GSE125105,GSM3562974,59,M,whole blood
65,GSE125105,GSM3562977,66,M,whole blood
66,GSE125105,GSM3562978,55,M,whole blood
67,GSE125105,GSM3562986,63,M,whole blood
68,GSE125105,GSM3562987,39,M,whole blood
69,GSE125105,GSM3562993,31,M,whole blood
70,GSE125105,GSM3562994,61,M,whole blood
71,GSE125105,GSM3563000,40,M,whole blood
72,GSE125105,GSM3563001,49,M,whole blood
73,GSE125105,GSM3563010,44,M,whole blood
74,GSE125105,GSM3563011,55,M,whole blood
75,GSE125105,GSM3563015,41,M,whole blood
76,GSE125105,GSM3563022,41,M,whole blood
77,GSE125105,GSM3563023,77,M,whole blood
78,GSE125105,GSM3563025,53,M,whole blood
79,GSE125105,GSM3563042,68,M,whole blood
80,GSE125105,GSM3563047,45,M,whole blood
81,GSE125105,GSM3563053,59,M,whole blood
82,GSE125105,GSM3563056,28,M,whole blood
83,GSE125105,GSM3563057,45,M,whole blood
84,GSE125105,GSM3563058,66,M,whole blood
85,GSE125105,GSM3563060,45,M,whole blood
86,GSE125105,GSM3563061,34,M,whole blood
87,GSE125105,GSM3563062,67,M,whole blood
88,GSE125105,GSM3563064,33,M,whole blood
89,GSE125105,GSM3563065,31,M,whole blood
90,GSE125105,GSM3563068,61,M,whole blood
91,GSE125105,GSM3563069,60,M,whole blood
92,GSE125105,GSM3563071,50,M,whole blood
93,GSE125105,GSM3563073,35,M,whole blood
94,GSE125105,GSM3563085,53,M,whole blood
95,GSE125105,GSM3563092,63,M,whole blood
96,GSE125105,GSM3563105,56,M,whole blood
97,GSE125105,GSM3563108,19,M,whole blood
98,GSE125105,GSM3563111,61,M,whole blood
99,GSE125105,GSM3563114,50,M,whole blood
100,GSE125105,GSM3563118,26,M,whole blood
101,GSE125105,GSM3563127,63,M,whole blood
102,GSE125105,GSM3563128,34,M,whole blood
103,GSE125105,GSM3563130,39,M,whole blood
104,GSE125105,GSM3563132,24,M,whole blood
105,GSE125105,GSM3563138,74,M,whole blood
106,GSE125105,GSM3563143,27,M,whole blood
107,GSE125105,GSM3563144,54,M,whole blood
108,GSE125105,GSM3563148,28,M,whole blood
109,GSE125105,GSM3563150,65,M,whole blood
110,GSE125105,GSM3563152,54,M,whole blood
111,GSE125105,GSM3563161,33,M,whole blood
112,GSE125105,GSM3563166,59,M,whole blood
113,GSE125105,GSM3563167,54,M,whole blood
114,GSE125105,GSM3563171,52,M,whole blood
115,GSE125105,GSM3563172,43,M,whole blood
116,GSE125105,GSM3563173,37,M,whole blood
117,GSE125105,GSM3563175,55,M,whole blood
118,GSE125105,GSM3563176,45,M,whole blood
119,GSE125105,GSM3563177,43,M,whole blood
120,GSE125105,GSM3563180,38,M,whole blood
121,GSE125105,GSM3563182,54,M,whole blood
122,GSE125105,GSM3563185,26,M,whole blood
123,GSE125105,GSM3563187,46,M,whole blood
124,GSE125105,GSM3563188,42,M,whole blood
125,GSE125105,GSM3563191,62,M,whole blood
126,GSE125105,GSM3563194,43,M,whole blood
127,GSE125105,GSM3563195,54,M,whole blood
128,GSE125105,GSM3563196,56,M,whole blood
129,GSE125105,GSM3563198,52,M,whole blood
130,GSE125105,GSM3563199,21,M,whole blood
131,GSE125105,GSM3563200,51,M,whole blood
132,GSE125105,GSM3563201,31,M,whole blood
133,GSE125105,GSM3563202,31,M,whole blood
134,GSE125105,GSM3563205,60,M,whole blood
135,GSE125105,GSM3563209,47,M,whole blood
136,GSE125105,GSM3563210,27,M,whole blood
137,GSE125105,GSM3563211,37,M,whole blood
138,GSE125105,GSM3563219,41,M,whole blood
139,GSE125105,GSM3563220,47,M,whole blood
140,GSE125105,GSM3563223,41,M,whole blood
141,GSE125105,GSM3563229,46,M,whole blood
142,GSE125105,GSM3563230,60,M,whole blood
143,GSE125105,GSM3563233,52,M,whole blood
144,GSE125105,GSM3563234,71,M,whole blood
145,GSE125105,GSM3563235,34,M,whole blood
146,GSE125105,GSM3563240,55,M,whole blood
147,GSE125105,GSM3563244,37,M,whole blood
148,GSE125105,GSM3563245,34,M,whole blood
149,GSE125105,GSM3563246,57,M,whole blood
150,GSE125105,GSM3563248,33,M,whole blood
151,GSE125105,GSM3563249,30,M,whole blood
152,GSE125105,GSM3563250,61,M,whole blood
153,GSE125105,GSM3563251,61,M,whole blood
154,GSE125105,GSM3563253,58,M,whole blood
155,GSE125105,GSM3563256,59,M,whole blood
156,GSE125105,GSM3563259,48,M,whole blood
157,GSE125105,GSM3563261,28,M,whole blood
158,GSE125105,GSM3563263,44,M,whole blood
159,GSE125105,GSM3563273,51,M,whole blood
160,GSE125105,GSM3563277,35,M,whole blood
161,GSE125105,GSM3563279,41,M,whole blood
162,GSE125105,GSM3563280,76,M,whole blood
163,GSE125105,GSM3563282,49,M,whole blood
164,GSE125105,GSM3563287,45,M,whole blood
165,GSE125105,GSM3563288,75,M,whole blood
166,GSE125105,GSM3563293,47,M,whole blood
167,GSE125105,GSM3563296,61,M,whole blood
168,GSE125105,GSM3563299,21,M,whole blood
169,GSE125105,GSM3563303,50,M,whole blood
170,GSE125105,GSM3563304,57,M,whole blood
171,GSE125105,GSM3563306,45,M,whole blood
172,GSE125105,GSM3563313,31,M,whole blood
173,GSE125105,GSM3563314,42,M,whole blood
174,GSE125105,GSM3563316,33,M,whole blood
175,GSE125105,GSM3563318,59,M,whole blood
176,GSE125105,GSM3563320,37,M,whole blood
177,GSE125105,GSM3563321,35,M,whole blood
178,GSE125105,GSM3563323,31,M,whole blood
179,GSE125105,GSM3563324,42,M,whole blood
180,GSE125105,GSM3563330,37,M,whole blood
181,GSE125105,GSM3563335,52,M,whole blood
182,GSE125105,GSM3563337,52,M,whole blood
183,GSE125105,GSM3563338,29,M,whole blood
184,GSE125105,GSM3563343,50,M,whole blood
185,GSE125105,GSM3563347,79,M,whole blood
186,GSE125105,GSM3563348,42,M,whole blood
187,GSE125105,GSM3563353,22,M,whole blood
188,GSE125105,GSM3563355,34,M,whole blood
189,GSE125105,GSM3563356,44,M,whole blood
190,GSE125105,GSM3563361,29,M,whole blood
191,GSE125105,GSM3563362,41,M,whole blood
192,GSE125105,GSM3563369,45,M,whole blood
193,GSE125105,GSM3563373,68,M,whole blood
194,GSE125105,GSM3563376,48,M,whole blood
195,GSE125105,GSM3563380,62,M,whole blood
196,GSE125105,GSM3563382,42,M,whole blood
197,GSE125105,GSM3563383,44,M,whole blood
198,GSE125105,GSM3563384,56,M,whole blood
199,GSE125105,GSM3563385,74,M,whole blood
200,GSE125105,GSM3563386,22,M,whole blood
201,GSE125105,GSM3563388,36,M,whole blood
202,GSE125105,GSM3563392,33,M,whole blood
203,GSE125105,GSM3563393,55,M,whole blood
204,GSE125105,GSM3563394,42,M,whole blood
205,GSE125105,GSM3563399,32,M,whole blood
206,GSE125105,GSM3563403,29,M,whole blood
207,GSE125105,GSM3563408,38,M,whole blood
208,GSE125105,GSM3563410,44,M,whole blood
209,GSE125105,GSM3563412,50,M,whole blood
210,GSE125105,GSM3563413,43,M,whole blood
211,GSE125105,GSM3563417,79,M,whole blood
212,GSE125105,GSM3563418,79,M,whole blood
213,GSE125105,GSM3563420,50,M,whole blood
214,GSE125105,GSM3563428,20,M,whole blood
215,GSE125105,GSM3563433,34,M,whole blood
216,GSE125105,GSM3563434,66,M,whole blood
217,GSE125105,GSM3563436,48,M,whole blood
218,GSE125105,GSM3563437,52,M,whole blood
219,GSE125105,GSM3563438,18,M,whole blood
220,GSE125105,GSM3563440,43,M,whole blood
221,GSE125105,GSM3563452,66,M,whole blood
222,GSE125105,GSM3563455,25,M,whole blood
223,GSE125105,GSM3563458,58,M,whole blood
224,GSE125105,GSM3563461,54,M,whole blood
225,GSE125105,GSM3563462,21,M,whole blood
226,GSE125105,GSM3563463,53,M,whole blood
227,GSE125105,GSM3563465,41,M,whole blood
228,GSE125105,GSM3563467,57,M,whole blood
229,GSE125105,GSM3563468,28,M,whole blood
230,GSE125105,GSM3563469,51,M,whole blood
231,GSE125105,GSM3563473,57,M,whole blood
232,GSE125105,GSM3563478,53,M,whole blood
233,GSE125105,GSM3563479,53,M,whole blood
234,GSE125105,GSM3563480,50,M,whole blood
235,GSE125105,GSM3563483,54,M,whole blood
236,GSE125105,GSM3563484,55,M,whole blood
237,GSE125105,GSM3563485,43,M,whole blood
238,GSE125105,GSM3563488,55,M,whole blood
239,GSE125105,GSM3563491,54,M,whole blood
240,GSE125105,GSM3563493,70,M,whole blood
241,GSE125105,GSM3563502,47,M,whole blood
242,GSE125105,GSM3563507,58,M,whole blood
243,GSE125105,GSM3563510,32,M,whole blood
244,GSE125105,GSM3563513,61,M,whole blood
245,GSE125105,GSM3563514,78,M,whole blood
246,GSE125105,GSM3563516,38,M,whole blood
247,GSE125105,GSM3563517,38,M,whole blood
248,GSE125105,GSM3563520,23,M,whole blood
249,GSE125105,GSM3563521,52,M,whole blood
250,GSE125105,GSM3563523,23,M,whole blood
251,GSE125105,GSM3563524,23,M,whole blood
252,GSE125105,GSM3563526,43,M,whole blood
253,GSE125105,GSM3563530,21,M,whole blood
254,GSE125105,GSM3563531,25,M,whole blood
255,GSE128235,GSM3667709,30,M,whole blood
256,GSE128235,GSM3667710,41,M,whole blood
257,GSE128235,GSM3667713,50,M,whole blood
258,GSE128235,GSM3667714,62,M,whole blood
259,GSE128235,GSM3667716,35,M,whole blood
260,GSE128235,GSM3667717,53,M,whole blood
261,GSE128235,GSM3667719,63,M,whole blood
262,GSE128235,GSM3667721,51,M,whole blood
263,GSE128235,GSM3667725,26,M,whole blood
264,GSE128235,GSM3667726,65,M,whole blood
265,GSE128235,GSM3667730,23,M,whole blood
266,GSE128235,GSM3667733,50,M,whole blood
267,GSE128235,GSM3667736,57,M,whole blood
268,GSE128235,GSM3667737,21,M,whole blood
269,GSE128235,GSM3667746,31,M,whole blood
270,GSE128235,GSM3667748,49,M,whole blood
271,GSE128235,GSM3667750,56,M,whole blood
272,GSE128235,GSM3667754,64,M,whole blood
273,GSE128235,GSM3667755,74,M,whole blood
274,GSE128235,GSM3667756,47,M,whole blood
275,GSE128235,GSM3667758,41,M,whole blood
276,GSE128235,GSM3667759,39,M,whole blood
277,GSE128235,GSM3667762,60,M,whole blood
278,GSE128235,GSM3667763,35,M,whole blood
279,GSE128235,GSM3667765,66,M,whole blood
280,GSE128235,GSM3667767,62,M,whole blood
281,GSE128235,GSM3667772,46,M,whole blood
282,GSE128235,GSM3667774,46,M,whole blood
283,GSE128235,GSM3667776,63,M,whole blood
284,GSE128235,GSM3667784,50,M,whole blood
285,GSE128235,GSM3667789,62,M,whole blood
286,GSE128235,GSM3667790,30,M,whole blood
287,GSE128235,GSM3667791,51,M,whole blood
288,GSE128235,GSM3667792,39,M,whole blood
289,GSE128235,GSM3667794,35,M,whole blood
290,GSE128235,GSM3667800,40,M,whole blood
291,GSE128235,GSM3667803,32,M,whole blood
292,GSE128235,GSM3667805,64,M,whole blood
293,GSE128235,GSM3667806,44,M,whole blood
294,GSE128235,GSM3667809,53,M,whole blood
295,GSE128235,GSM3667810,34,M,whole blood
296,GSE128235,GSM3667812,27,M,whole blood
297,GSE128235,GSM3667813,52,M,whole blood
298,GSE128235,GSM3667814,37,M,whole blood
299,GSE128235,GSM3667819,63,M,whole blood
300,GSE128235,GSM3667825,62,M,whole blood
301,GSE128235,GSM3667827,26,M,whole blood
302,GSE128235,GSM3667829,61,M,whole blood
303,GSE128235,GSM3667835,39,M,whole blood
304,GSE128235,GSM3667840,23,M,whole blood
305,GSE128235,GSM3667844,44,M,whole blood
306,GSE128235,GSM3667845,55,M,whole blood
307,GSE128235,GSM3667847,41,M,whole blood
308,GSE128235,GSM3667853,76,M,whole blood
309,GSE128235,GSM3667862,64,M,whole blood
310,GSE128235,GSM3667870,44,M,whole blood
311,GSE128235,GSM3667876,28,M,whole blood
312,GSE128235,GSM3667877,45,M,whole blood
313,GSE128235,GSM3667878,66,M,whole blood
314,GSE128235,GSM3667880,44,M,whole blood
315,GSE128235,GSM3667881,32,M,whole blood
316,GSE128235,GSM3667882,66,M,whole blood
317,GSE128235,GSM3667884,33,M,whole blood
318,GSE128235,GSM3667887,58,M,whole blood
319,GSE128235,GSM3667888,59,M,whole blood
320,GSE128235,GSM3667890,48,M,whole blood
321,GSE128235,GSM3667899,52,M,whole blood
322,GSE128235,GSM3667905,56,M,whole blood
323,GSE128235,GSM3667914,55,M,whole blood
324,GSE128235,GSM3667919,59,M,whole blood
325,GSE128235,GSM3667922,46,M,whole blood
326,GSE128235,GSM3667925,68,M,whole blood
327,GSE128235,GSM3667931,61,M,whole blood
328,GSE128235,GSM3667933,24,M,whole blood
329,GSE128235,GSM3667937,72,M,whole blood
330,GSE128235,GSM3667942,26,M,whole blood
331,GSE128235,GSM3667944,27,M,whole blood
332,GSE128235,GSM3667953,31,M,whole blood
333,GSE128235,GSM3667958,57,M,whole blood
334,GSE128235,GSM3667959,53,M,whole blood
335,GSE128235,GSM3667962,51,M,whole blood
336,GSE128235,GSM3667963,36,M,whole blood
337,GSE128235,GSM3667965,53,M,whole blood
338,GSE128235,GSM3667969,37,M,whole blood
339,GSE128235,GSM3667970,54,M,whole blood
340,GSE128235,GSM3667973,25,M,whole blood
341,GSE128235,GSM3667976,42,M,whole blood
342,GSE128235,GSM3667978,61,M,whole blood
343,GSE128235,GSM3667984,20,M,whole blood
344,GSE128235,GSM3667986,30,M,whole blood
345,GSE128235,GSM3667987,30,M,whole blood
346,GSE128235,GSM3667993,46,M,whole blood
347,GSE128235,GSM3667995,34,M,whole blood
348,GSE128235,GSM3668002,40,M,whole blood
349,GSE128235,GSM3668005,40,M,whole blood
350,GSE128235,GSM3668010,57,M,whole blood
351,GSE128235,GSM3668012,50,M,whole blood
352,GSE128235,GSM3668017,53,M,whole blood
353,GSE128235,GSM3668020,36,M,whole blood
354,GSE128235,GSM3668028,58,M,whole blood
355,GSE128235,GSM3668031,47,M,whole blood
356,GSE128235,GSM3668034,43,M,whole blood
357,GSE128235,GSM3668047,40,M,whole blood
358,GSE128235,GSM3668048,73,M,whole blood
359,GSE128235,GSM3668050,62,M,whole blood
360,GSE128235,GSM3668055,44,M,whole blood
361,GSE128235,GSM3668056,75,M,whole blood
362,GSE128235,GSM3668061,60,M,whole blood
363,GSE128235,GSM3668064,20,M,whole blood
364,GSE128235,GSM3668067,49,M,whole blood
365,GSE128235,GSM3668068,56,M,whole blood
366,GSE128235,GSM3668070,45,M,whole blood
367,GSE128235,GSM3668074,31,M,whole blood
368,GSE128235,GSM3668077,56,M,whole blood
369,GSE128235,GSM3668079,36,M,whole blood
370,GSE128235,GSM3668086,37,M,whole blood
371,GSE128235,GSM3668092,52,M,whole blood
372,GSE128235,GSM3668093,25,M,whole blood
373,GSE128235,GSM3668099,55,M,whole blood
374,GSE128235,GSM3668101,78,M,whole blood
375,GSE128235,GSM3668102,40,M,whole blood
376,GSE128235,GSM3668105,21,M,whole blood
377,GSE128235,GSM3668111,41,M,whole blood
378,GSE128235,GSM3668124,48,M,whole blood
379,GSE128235,GSM3668127,61,M,whole blood
380,GSE128235,GSM3668129,43,M,whole blood
381,GSE128235,GSM3668130,55,M,whole blood
382,GSE128235,GSM3668134,54,M,whole blood
383,GSE128235,GSM3668135,42,M,whole blood
384,GSE128235,GSM3668136,24,M,whole blood
385,GSE128235,GSM3668147,44,M,whole blood
386,GSE128235,GSM3668149,50,M,whole blood
387,GSE128235,GSM3668152,79,M,whole blood
388,GSE128235,GSM3668153,78,M,whole blood
389,GSE128235,GSM3668154,48,M,whole blood
390,GSE128235,GSM3668156,42,M,whole blood
391,GSE128235,GSM3668162,50,M,whole blood
392,GSE128235,GSM3668164,64,M,whole blood
393,GSE128235,GSM3668166,48,M,whole blood
394,GSE128235,GSM3668167,49,M,whole blood
395,GSE128235,GSM3668176,53,M,whole blood
396,GSE128235,GSM3668178,66,M,whole blood
397,GSE128235,GSM3668179,46,M,whole blood
398,GSE128235,GSM3668183,57,M,whole blood
399,GSE128235,GSM3668184,49,M,whole blood
400,GSE128235,GSM3668186,21,M,whole blood
401,GSE128235,GSM3668187,49,M,whole blood
402,GSE128235,GSM3668189,37,M,whole blood
403,GSE128235,GSM3668192,27,M,whole blood
404,GSE128235,GSM3668193,48,M,whole blood
405,GSE128235,GSM3668194,57,M,whole blood
406,GSE128235,GSM3668197,56,M,whole blood
407,GSE128235,GSM3668198,34,M,whole blood
408,GSE128235,GSM3668200,47,M,whole blood
409,GSE128235,GSM3668201,52,M,whole blood
410,GSE128235,GSM3668203,55,M,whole blood
411,GSE128235,GSM3668206,55,M,whole blood
412,GSE128235,GSM3668219,51,M,whole blood
413,GSE128235,GSM3668220,46,M,whole blood
414,GSE128235,GSM3668225,58,M,whole blood
415,GSE128235,GSM3668226,50,M,whole blood
416,GSE128235,GSM3668227,31,M,whole blood
417,GSE128235,GSM3668231,78,M,whole blood
418,GSE128235,GSM3668233,37,M,whole blood
419,GSE128235,GSM3668238,56,M,whole blood
420,GSE128235,GSM3668239,41,M,whole blood
421,GSE61496,GSM1506277,71,M,whole blood
422,GSE61496,GSM1506280,70,M,whole blood
423,GSE61496,GSM1506281,70,M,whole blood
424,GSE61496,GSM1506293,66,M,whole blood
425,GSE61496,GSM1506312,63,M,whole blood
426,GSE61496,GSM1506326,60,M,whole blood
427,GSE61496,GSM1506329,60,M,whole blood
428,GSE61496,GSM1506336,60,M,whole blood
429,GSE61496,GSM1506338,60,M,whole blood
430,GSE61496,GSM1506339,59,M,whole blood
431,GSE61496,GSM1506350,31,M,whole blood
432,GSE61496,GSM1506360,74,M,whole blood
433,GSE61496,GSM1506361,68,M,whole blood
434,GSE61496,GSM1506362,67,M,whole blood
435,GSE61496,GSM1506374,57,M,whole blood
436,GSE61496,GSM1506375,57,M,whole blood
437,GSE61496,GSM1506377,36,M,whole blood
438,GSE61496,GSM1506386,36,M,whole blood
439,GSE61496,GSM1506387,35,M,whole blood
440,GSE61496,GSM1506388,35,M,whole blood
441,GSE61496,GSM1506389,35,M,whole blood
442,GSE61496,GSM1506397,34,M,whole blood
443,GSE61496,GSM1506398,34,M,whole blood
444,GSE61496,GSM1506399,34,M,whole blood
445,GSE61496,GSM1506400,34,M,whole blood
446,GSE61496,GSM1506401,34,M,whole blood
447,GSE61496,GSM1506408,33,M,whole blood
448,GSE61496,GSM1506410,33,M,whole blood
449,GSE61496,GSM1506412,32,M,whole blood
450,GSE61496,GSM1506413,32,M,whole blood
451,GSE61496,GSM1506425,31,M,whole blood
452,GSE61496,GSM1506433,30,M,whole blood
453,GSE61496,GSM1506436,30,M,whole blood
454,GSE61496,GSM1506445,68,M,whole blood
455,GSE61496,GSM1506447,65,M,whole blood
456,GSE61496,GSM1506449,64,M,whole blood
457,GSE61496,GSM1506458,35,M,whole blood
458,GSE61496,GSM1506468,64,M,whole blood
459,GSE61496,GSM1506470,63,M,whole blood
460,GSE61496,GSM1506471,62,M,whole blood
461,GSE61496,GSM1506480,61,M,whole blood
462,GSE61496,GSM1506481,61,M,whole blood
463,GSE61496,GSM1506485,61,M,whole blood
464,GSE61496,GSM1506492,60,M,whole blood
465,GSE61496,GSM1506495,59,M,whole blood
466,GSE61496,GSM1506496,58,M,whole blood
467,GSE61496,GSM1506504,37,M,whole blood
468,GSE61496,GSM1506517,34,M,whole blood
469,GSE61496,GSM1506520,33,M,whole blood
470,GSE61496,GSM1506521,33,M,whole blood
471,GSE61496,GSM1506528,33,M,whole blood
472,GSE61496,GSM1506529,33,M,whole blood
473,GSE61496,GSM1506530,32,M,whole blood
474,GSE61496,GSM1506541,64,M,whole blood
475,GSE61496,GSM1506543,60,M,whole blood
476,GSE61496,GSM1506552,36,M,whole blood
477,GSE61496,GSM1506553,35,M,whole blood
478,GSE61496,GSM1506556,34,M,whole blood
479,GSE61496,GSM1506565,33,M,whole blood
480,GSE61496,GSM1506566,33,M,whole blood
481,GSE61496,GSM1506567,31,M,whole blood
482,GSE61496,GSM1506576,60,M,whole blood
483,GSE61496,GSM1506577,32,M,whole blood
484,GSE87571,GSM2333901,72,M,whole blood
485,GSE87571,GSM2333902,55,M,whole blood
486,GSE87571,GSM2333903,23,M,whole blood
487,GSE87571,GSM2333904,86,M,whole blood
488,GSE87571,GSM2333905,74,M,whole blood
489,GSE87571,GSM2333907,18,M,whole blood
490,GSE87571,GSM2333908,38,M,whole blood
491,GSE87571,GSM2333913,65,M,whole blood
492,GSE87571,GSM2333914,55,M,whole blood
493,GSE87571,GSM2333916,59,M,whole blood
494,GSE87571,GSM2333918,60,M,whole blood
495,GSE87571,GSM2333920,63,M,whole blood
496,GSE87571,GSM2333921,29,M,whole blood
497,GSE87571,GSM2333923,22,M,whole blood
498,GSE87571,GSM2333926,16,M,whole blood
499,GSE87571,GSM2333933,80,M,whole blood
500,GSE87571,GSM2333935,82,M,whole blood
501,GSE87571,GSM2333940,79,M,whole blood
502,GSE87571,GSM2333941,66,M,whole blood
503,GSE87571,GSM2333944,62,M,whole blood
504,GSE87571,GSM2333947,48,M,whole blood
505,GSE87571,GSM2333948,39,M,whole blood
506,GSE87571,GSM2333950,81,M,whole blood
507,GSE87571,GSM2333955,45,M,whole blood
508,GSE87571,GSM2333956,28,M,whole blood
509,GSE87571,GSM2333958,69,M,whole blood
510,GSE87571,GSM2333959,25,M,whole blood
511,GSE87571,GSM2333962,23,M,whole blood
512,GSE87571,GSM2333963,17,M,whole blood
513,GSE87571,GSM2333964,17,M,whole blood
514,GSE87571,GSM2333965,21,M,whole blood
515,GSE87571,GSM2333966,82,M,whole blood
516,GSE87571,GSM2333968,68,M,whole blood
517,GSE87571,GSM2333969,45,M,whole blood
518,GSE87571,GSM2333970,42,M,whole blood
519,GSE87571,GSM2333971,68,M,whole blood
520,GSE87571,GSM2333973,44,M,whole blood
521,GSE87571,GSM2333975,23,M,whole blood
522,GSE87571,GSM2333978,40,M,whole blood
523,GSE87571,GSM2333985,19,M,whole blood
524,GSE87571,GSM2333987,18,M,whole blood
525,GSE87571,GSM2333989,18,M,whole blood
526,GSE87571,GSM2333995,45,M,whole blood
527,GSE87571,GSM2333997,18,M,whole blood
528,GSE87571,GSM2333999,18,M,whole blood
529,GSE87571,GSM2334003,46,M,whole blood
530,GSE87571,GSM2334005,71,M,whole blood
531,GSE87571,GSM2334008,41,M,whole blood
532,GSE87571,GSM2334011,44,M,whole blood
533,GSE87571,GSM2334012,51,M,whole blood
534,GSE87571,GSM2334013,53,M,whole blood
535,GSE87571,GSM2334014,79,M,whole blood
536,GSE87571,GSM2334017,50,M,whole blood
537,GSE87571,GSM2334018,20,M,whole blood
538,GSE87571,GSM2334019,73,M,whole blood
539,GSE87571,GSM2334020,52,M,whole blood
540,GSE87571,GSM2334023,27,M,whole blood
541,GSE87571,GSM2334026,47,M,whole blood
542,GSE87571,GSM2334030,80,M,whole blood
543,GSE87571,GSM2334035,17,M,whole blood
544,GSE87571,GSM2334036,33,M,whole blood
545,GSE87571,GSM2334037,76,M,whole blood
546,GSE87571,GSM2334038,48,M,whole blood
547,GSE87571,GSM2334039,20,M,whole blood
548,GSE87571,GSM2334040,67,M,whole blood
549,GSE87571,GSM2334042,43,M,whole blood
550,GSE87571,GSM2334044,63,M,whole blood
551,GSE87571,GSM2334047,65,M,whole blood
552,GSE87571,GSM2334048,77,M,whole blood
553,GSE87571,GSM2334049,26,M,whole blood
554,GSE87571,GSM2334050,69,M,whole blood
555,GSE87571,GSM2334051,64,M,whole blood
556,GSE87571,GSM2334054,74,M,whole blood
557,GSE87571,GSM2334056,47,M,whole blood
558,GSE87571,GSM2334058,19,M,whole blood
559,GSE87571,GSM2334060,26,M,whole blood
560,GSE87571,GSM2334062,17,M,whole blood
561,GSE87571,GSM2334064,79,M,whole blood
562,GSE87571,GSM2334068,53,M,whole blood
563,GSE87571,GSM2334070,46,M,whole blood
564,GSE87571,GSM2334077,49,M,whole blood
565,GSE87571,GSM2334079,48,M,whole blood
566,GSE87571,GSM2334081,37,M,whole blood
567,GSE87571,GSM2334091,72,M,whole blood
568,GSE87571,GSM2334093,83,M,whole blood
569,GSE87571,GSM2334095,84,M,whole blood
570,GSE87571,GSM2334097,69,M,whole blood
571,GSE87571,GSM2334100,60,M,whole blood
572,GSE87571,GSM2334101,81,M,whole blood
573,GSE87571,GSM2334105,27,M,whole blood
574,GSE87571,GSM2334106,35,M,whole blood
575,GSE87571,GSM2334109,16,M,whole blood
576,GSE87571,GSM2334112,36,M,whole blood
577,GSE87571,GSM2334114,77,M,whole blood
578,GSE87571,GSM2334119,50,M,whole blood
579,GSE87571,GSM2334120,18,M,whole blood
580,GSE87571,GSM2334126,35,M,whole blood
581,GSE87571,GSM2334128,59,M,whole blood
582,GSE87571,GSM2334137,27,M,whole blood
583,GSE87571,GSM2334138,19,M,whole blood
584,GSE87571,GSM2334139,76,M,whole blood
585,GSE87571,GSM2334140,59,M,whole blood
586,GSE87571,GSM2334143,18,M,whole blood
587,GSE87571,GSM2334144,48,M,whole blood
588,GSE87571,GSM2334145,17,M,whole blood
589,GSE87571,GSM2334151,19,M,whole blood
590,GSE87571,GSM2334155,38,M,whole blood
591,GSE87571,GSM2334157,23,M,whole blood
592,GSE87571,GSM2334159,46,M,whole blood
593,GSE87571,GSM2334160,24,M,whole blood
594,GSE87571,GSM2334163,77,M,whole blood
595,GSE87571,GSM2334164,70,M,whole blood
596,GSE87571,GSM2334166,65,M,whole blood
597,GSE87571,GSM2334170,67,M,whole blood
598,GSE87571,GSM2334171,48,M,whole blood
599,GSE87571,GSM2334174,43,M,whole blood
600,GSE87571,GSM2334177,50,M,whole blood
601,GSE87571,GSM2334178,15,M,whole blood
602,GSE87571,GSM2334179,62,M,whole blood
603,GSE87571,GSM2334184,63,M,whole blood
604,GSE87571,GSM2334185,49,M,whole blood
605,GSE87571,GSM2334187,47,M,whole blood
606,GSE87571,GSM2334189,71,M,whole blood
607,GSE87571,GSM2334191,21,M,whole blood
608,GSE87571,GSM2334192,17,M,whole blood
609,GSE87571,GSM2334194,24,M,whole blood
610,GSE87571,GSM2334195,29,M,whole blood
611,GSE87571,GSM2334204,19,M,whole blood
612,GSE87571,GSM2334205,51,M,whole blood
613,GSE87571,GSM2334208,20,M,whole blood
614,GSE87571,GSM2334212,16,M,whole blood
615,GSE87571,GSM2334214,61,M,whole blood
616,GSE87571,GSM2334220,40,M,whole blood
617,GSE87571,GSM2334222,15,M,whole blood
618,GSE87571,GSM2334223,78,M,whole blood
619,GSE87571,GSM2334224,72,M,whole blood
620,GSE87571,GSM2334226,33,M,whole blood
621,GSE87571,GSM2334227,46,M,whole blood
622,GSE87571,GSM2334230,71,M,whole blood
623,GSE87571,GSM2334231,77,M,whole blood
624,GSE87571,GSM2334232,54,M,whole blood
625,GSE87571,GSM2334234,25,M,whole blood
626,GSE87571,GSM2334235,41,M,whole blood
627,GSE87571,GSM2334237,26,M,whole blood
628,GSE87571,GSM2334238,61,M,whole blood
629,GSE87571,GSM2334241,36,M,whole blood
630,GSE87571,GSM2334242,49,M,whole blood
631,GSE87571,GSM2334246,51,M,whole blood
632,GSE87571,GSM2334248,79,M,whole blood
633,GSE87571,GSM2334252,63,M,whole blood
634,GSE87571,GSM2334254,49,M,whole blood
635,GSE87571,GSM2334255,42,M,whole blood
636,GSE87571,GSM2334257,45,M,whole blood
637,GSE87571,GSM2334261,70,M,whole blood
638,GSE87571,GSM2334262,15,M,whole blood
639,GSE87571,GSM2334268,69,M,whole blood
640,GSE87571,GSM2334269,36,M,whole blood
641,GSE87571,GSM2334273,55,M,whole blood
642,GSE87571,GSM2334275,41,M,whole blood
643,GSE87571,GSM2334276,79,M,whole blood
644,GSE87571,GSM2334278,75,M,whole blood
645,GSE87571,GSM2334286,47,M,whole blood
646,GSE87571,GSM2334290,70,M,whole blood
647,GSE87571,GSM2334292,63,M,whole blood
648,GSE87571,GSM2334296,75,M,whole blood
649,GSE87571,GSM2334299,53,M,whole blood
650,GSE87571,GSM2334300,36,M,whole blood
651,GSE87571,GSM2334301,70,M,whole blood
652,GSE87571,GSM2334302,67,M,whole blood
653,GSE87571,GSM2334305,44,M,whole blood
654,GSE87571,GSM2334316,16,M,whole blood
655,GSE87571,GSM2334317,40,M,whole blood
656,GSE87571,GSM2334319,67,M,whole blood
657,GSE87571,GSM2334326,17,M,whole blood
658,GSE87571,GSM2334331,40,M,whole blood
659,GSE87571,GSM2334332,17,M,whole blood
660,GSE87571,GSM2334333,68,M,whole blood
661,GSE87571,GSM2334335,69,M,whole blood
662,GSE87571,GSM2334337,42,M,whole blood
663,GSE87571,GSM2334345,69,M,whole blood
664,GSE87571,GSM2334348,53,M,whole blood
665,GSE87571,GSM2334349,15,M,whole blood
666,GSE87571,GSM2334351,50,M,whole blood
667,GSE87571,GSM2334352,67,M,whole blood
668,GSE87571,GSM2334356,21,M,whole blood
669,GSE87571,GSM2334358,19,M,whole blood
670,GSE87571,GSM2334359,60,M,whole blood
671,GSE87571,GSM2334367,54,M,whole blood
672,GSE87571,GSM2334369,48,M,whole blood
673,GSE87571,GSM2334373,72,M,whole blood
674,GSE87571,GSM2334374,48,M,whole blood
675,GSE87571,GSM2334381,48,M,whole blood
676,GSE87571,GSM2334383,34,M,whole blood
677,GSE87571,GSM2334389,77,M,whole blood
678,GSE87571,GSM2334391,65,M,whole blood
679,GSE87571,GSM2334393,71,M,whole blood
680,GSE87571,GSM2334394,32,M,whole blood
681,GSE87571,GSM2334400,65,M,whole blood
682,GSE87571,GSM2334403,42,M,whole blood
683,GSE87571,GSM2334406,81,M,whole blood
684,GSE87571,GSM2334407,48,M,whole blood
685,GSE87571,GSM2334408,31,M,whole blood
686,GSE87571,GSM2334409,80,M,whole blood
687,GSE87571,GSM2334410,56,M,whole blood
688,GSE87571,GSM2334411,47,M,whole blood
689,GSE87571,GSM2334413,16,M,whole blood
690,GSE87571,GSM2334415,52,M,whole blood
691,GSE87571,GSM2334418,46,M,whole blood
692,GSE87571,GSM2334419,35,M,whole blood
693,GSE87571,GSM2334421,20,M,whole blood
694,GSE87571,GSM2334424,51,M,whole blood
695,GSE87571,GSM2334425,49,M,whole blood
696,GSE87571,GSM2334426,38,M,whole blood
697,GSE87571,GSM2334428,17,M,whole blood
698,GSE87571,GSM2334431,29,M,whole blood
699,GSE87571,GSM2334433,40,M,whole blood
700,GSE87571,GSM2334435,57,M,whole blood
701,GSE87571,GSM2334436,17,M,whole blood
702,GSE87571,GSM2334439,56,M,whole blood
703,GSE87571,GSM2334443,53,M,whole blood
704,GSE87571,GSM2334444,25,M,whole blood
705,GSE87571,GSM2334446,20,M,whole blood
706,GSE87571,GSM2334453,75,M,whole blood
707,GSE87571,GSM2334455,80,M,whole blood
708,GSE87571,GSM2334456,17,M,whole blood
709,GSE87571,GSM2334460,17,M,whole blood
710,GSE87571,GSM2334462,40,M,whole blood
711,GSE87571,GSM2334463,22,M,whole blood
712,GSE87571,GSM2334467,32,M,whole blood
713,GSE87571,GSM2334469,40,M,whole blood
714,GSE87571,GSM2334470,59,M,whole blood
715,GSE87571,GSM2334479,55,M,whole blood
716,GSE87571,GSM2334480,67,M,whole blood
717,GSE87571,GSM2334481,45,M,whole blood
718,GSE87571,GSM2334482,54,M,whole blood
719,GSE87571,GSM2334491,44,M,whole blood
720,GSE87571,GSM2334502,61,M,whole blood
721,GSE87571,GSM2334505,43,M,whole blood
722,GSE87571,GSM2334510,84,M,whole blood
723,GSE87571,GSM2334513,20,M,whole blood
724,GSE87571,GSM2334516,83,M,whole blood
725,GSE87571,GSM2334517,72,M,whole blood
726,GSE87571,GSM2334522,34,M,whole blood
727,GSE87571,GSM2334523,61,M,whole blood
728,GSE87571,GSM2334527,33,M,whole blood
729,GSE87571,GSM2334531,22,M,whole blood
730,GSE87571,GSM2334538,70,M,whole blood
731,GSE87571,GSM2334543,83,M,whole blood
732,GSE87571,GSM2334545,58,M,whole blood
733,GSE87571,GSM2334547,85,M,whole blood
734,GSE87571,GSM2334549,15,M,whole blood
735,GSE87571,GSM2334554,48,M,whole blood
736,GSE87571,GSM2334557,18,M,whole blood
737,GSE87571,GSM2334558,33,M,whole blood
738,GSE87571,GSM2334560,31,M,whole blood
739,GSE87571,GSM2334563,42,M,whole blood
740,GSE87571,GSM2334565,65,M,whole blood
741,GSE87571,GSM2334572,20,M,whole blood
742,GSE87571,GSM2334575,80,M,whole blood
743,GSE87571,GSM2334580,44,M,whole blood
744,GSE87571,GSM2334585,31,M,whole blood
745,GSE87571,GSM2334589,21,M,whole blood
746,GSE87571,GSM2334590,77,M,whole blood
747,GSE87571,GSM2334592,77,M,whole blood
748,GSE87571,GSM2334599,42,M,whole blood
749,GSE87571,GSM2334603,44,M,whole blood
750,GSE87571,GSM2334604,17,M,whole blood
751,GSE87571,GSM2334606,64,M,whole blood
752,GSE87571,GSM2334607,56,M,whole blood
753,GSE87571,GSM2334618,59,M,whole blood
754,GSE87571,GSM2334621,62,M,whole blood
755,GSE87571,GSM2334622,80,M,whole blood
756,GSE87571,GSM2334629,52,M,whole blood
757,GSE87571,GSM2334630,70,M,whole blood
758,GSE87571,GSM2334632,54,M,whole blood
